q_soc,q_vrc,r,mae,rmse,bias,nis_mean,nis_median,nis_exceed_3_84,nis_exceed_6_63,n_samples,score
1e-06,1e-07,3e-05,0.0008925508681804332,0.0060109499830464765,0.00026919006325456537,0.8224508292882545,0.0022683382055890657,0.009633292659430994,0.008552223149872626,93426,0.7920130384959811
1e-09,1e-06,3e-05,0.002028848034860263,0.004769734304743103,-0.0009362215078025649,0.627334533417331,0.05914625834187555,0.007610301200950485,0.005630124376511891,93426,0.8590741720339663
1e-08,1e-06,3e-05,0.0013737047770404356,0.004472068913293429,-0.0002274743882177268,0.544403228864847,0.02503023996032908,0.007385524372230428,0.006561342666923554,93426,0.9130577673175346
1e-07,1e-06,3e-05,0.0008526442815513703,0.004155196304157542,-6.238456845153871e-06,0.4399662738134582,0.005557647986407824,0.007578190225419048,0.0066790829105388225,93426,0.9860215346255443
1e-09,3e-06,1e-05,0.0010111534001504855,0.0018733203185783088,-0.0006380553151654133,0.20423463534258102,0.03552577409987413,0.0035750219424999464,0.002429730481878706,93426,0.9873146379683785
1e-08,3e-06,1e-05,0.0006972480838988951,0.0016838635922646276,-0.000224030870915152,0.1617519416356135,0.015534545871209523,0.004827349988225976,0.003960353648877186,93426,1.0130084462338393
1e-07,3e-06,1e-05,0.000499993379118971,0.0018133293149583032,-9.083157242909223e-05,0.15668372849671658,0.005458166052525545,0.0055551987669385395,0.00478453535418406,93426,1.032211337736767
1e-08,1e-05,1e-05,0.0005504430262628576,0.0007889185200143679,-0.0003180845787456721,0.023520995360764265,0.0072750806805304095,9.633292659430993e-05,0.0,93426,1.0554190231039697
1e-07,3e-05,1e-05,0.0003992048061181314,0.0006466645488049644,-0.00016303067719238367,0.007950531202670643,0.001992792931924153,0.0,0.0,93426,1.0567159236778259
1e-07,1e-05,1e-05,0.0004053496640663173,0.0008304963215910338,-0.0001417614076425496,0.021291666637810545,0.003513032687847271,0.0015841414595508744,0.00025688780425149317,93426,1.0628069240553197
1e-09,1e-05,1e-05,0.0008390056579111883,0.0011685624559752156,-0.0006800515575772418,0.05275940720096991,0.01592069756122383,0.0,0.0,93426,1.0640968383965517
1e-08,3e-05,1e-05,0.0005522415374998838,0.0007622896977060231,-0.00038961491895571484,0.012013857714739144,0.004053481673106983,0.0,0.0,93426,1.0642151120558632
1e-07,3e-05,3e-05,0.0004705886657496181,0.0007531893996154035,-0.00020626505238346006,0.006816532227650125,0.001809070083154385,0.0,0.0,93426,1.0685024077338903
5e-07,3e-05,1e-05,0.0003420777513212402,0.0008347594187467187,-0.00010942547166899868,0.00893461158823077,0.001101326570765336,1.0703658510478882e-05,0.0,93426,1.0745466821156964
1e-08,3e-05,3e-05,0.0006815920909508485,0.0009253012754271516,-0.0004972109313062901,0.010959733954021155,0.003961322832959342,0.0,0.0,93426,1.081570393588694
1e-08,1e-05,3e-05,0.0007435359776775582,0.0010452854762391828,-0.00045146067587587154,0.02074830677186175,0.006767977424492161,0.0,0.0,93426,1.0837802408520565
5e-07,3e-05,3e-05,0.00038343084940571713,0.0009221323287680884,-0.00013200116388612738,0.007578681579016262,0.0009501259017021871,0.0,0.0,93426,1.0846345512977926
1e-07,1e-05,3e-05,0.0005148707010989806,0.001017444546193665,-0.00019421098429888036,0.017165768492025568,0.0030581746669691096,0.0012202170701945925,4.281463404191553e-05,93426,1.08523160929648
1e-09,3e-05,1e-05,0.0008028238326024532,0.001171267191061555,-0.0006774628881894255,0.028760332201940613,0.00675950798738855,0.0,0.0,93426,1.0883663869042148
1e-07,3e-05,0.0001,0.0006412511140189633,0.0009997190905074891,-0.00030066001898953435,0.0056929414773103,0.0015978829918419407,0.0,0.0,93426,1.0942789675734386
1e-06,3e-05,1e-05,0.00033095247862407904,0.0010453947262906473,-0.00010526051195517905,0.009678584274714299,0.0008389226905568749,0.00019266585318861986,0.0,93426,1.0949572212809446
5e-07,3e-06,1e-05,0.0004335672335816513,0.0020158981665388364,-7.82295053722863e-05,0.11267793825796714,0.0027289521507762407,0.005062830475456511,0.004281463404191553,93426,1.0957247570378363
1e-08,3e-06,3e-05,0.0009448684952007296,0.0014982767012212974,-0.00041272208582097253,0.05445478647430434,0.01402972958000449,0.002654507310598763,0.001348660972320339,93426,1.0980487982754452
1e-09,3e-06,3e-05,0.0014462010161456153,0.0019949831562360116,-0.0010541844305146835,0.09898256626106011,0.034376265749623304,0.0014021792648727335,0.00022477682872005652,93426,1.1014416158236973
5e-07,1e-05,1e-05,0.00035260631658372445,0.0012524807486082896,-0.0001163501703204871,0.025137083251026558,0.00178188756069106,0.0021193243850748185,0.001370068289341297,93426,1.102540722091681
1e-06,3e-05,3e-05,0.0003603582999038182,0.001112954145757771,-0.00012156888407055464,0.008238326296399626,0.0007030630233990071,4.281463404191553e-05,0.0,93426,1.1030784955963984
5e-07,3e-05,0.0001,0.0004880877500924796,0.0011151810422123797,-0.00018129261079491803,0.005855761147555773,0.0007896634441074497,0.0,0.0,93426,1.105662343073682
1e-09,1e-05,3e-05,0.0011678327956827284,0.0016152461446161572,-0.0009661975606971699,0.05027510257642718,0.015692368728434204,0.0,0.0,93426,1.1112495118851886
1e-07,3e-06,3e-05,0.0006012048657360203,0.0015865987006358799,-0.0001849640832354873,0.04980595203941143,0.0045106183709047,0.003243208528675101,0.0021193243850748185,93426,1.1125948466735889
5e-07,1e-06,3e-05,0.000644372847193594,0.0033344382427523845,1.6661731474768642e-06,0.22768278102546413,0.0023815351755941934,0.0068182304711750475,0.005608717059490934,93426,1.1147788755448529
5e-07,1e-05,3e-05,0.0004090730246110934,0.0013607618511297433,-0.00014199618268048096,0.019458530129834777,0.0013674033513972413,0.0018303256052918887,0.0010382548755164516,93426,1.1185710726613018
1e-09,3e-05,3e-05,0.0010081149281239157,0.0014640243819321198,-0.0008645449700379619,0.0277095962412697,0.006659166817021567,0.0,0.0,93426,1.1186928419519422
1e-08,3e-05,0.0001,0.0009742814124173203,0.0013039364335588083,-0.0007333462372908269,0.010086956935234296,0.003919183942501868,0.0,0.0,93426,1.1203066864206466
1e-06,3e-05,0.0001,0.0004385483680215384,0.00126575252097257,-0.00015770611802939523,0.006217583098280096,0.0005459038849009595,0.0,0.0,93426,1.120357668998977
1e-07,1e-05,0.0001,0.000749703053269001,0.0013631994065012559,-0.0002984293414688486,0.012784458562641897,0.0027286648325116113,0.0005244792670134652,0.0,93426,1.1237977217209905
1e-06,1e-05,1e-05,0.0003471716773387606,0.0014955265059563864,-0.00011618868279155156,0.02287364921418053,0.0013874123257310842,0.0019266585318861986,0.0012202170701945925,93426,1.1288625477175958
1e-06,3e-06,1e-05,0.0004174335433429412,0.002053575287560082,-8.091603236449389e-05,0.07869154829872653,0.0021998763228409596,0.004602573159505919,0.003628540235052341,93426,1.132595807272087
1e-07,3e-05,0.0003,0.0009382817991286863,0.0014045087695510835,-0.0004578071253615773,0.004805946160307939,0.0014646041079564368,0.0,0.0,93426,1.1356449307948004
5e-07,3e-05,0.0003,0.0006751015374822804,0.0014010721797320634,-0.0002615034509847872,0.004266051191645862,0.0006883795500230675,0.0,0.0,93426,1.1358411667815604
1e-08,1e-05,0.0001,0.0011454766921166935,0.0015758736248494944,-0.0007231951608481707,0.01848207107251055,0.00634671766386978,0.0,0.0,93426,1.1391052914124389
1e-06,1e-05,3e-05,0.00038640301785128144,0.0015578987739073155,-0.00013342084767833817,0.01805652518887516,0.0010202453294718952,0.0017339926786975788,0.0009740329244535783,93426,1.1395743814656587
5e-07,1e-05,0.0001,0.0005343845894527718,0.0015558555949581575,-0.00019345127438763843,0.012686394864406097,0.0010563883008834441,0.0011666987776421981,4.281463404191553e-05,93426,1.1435253286542726
1e-06,3e-05,0.0003,0.0005801057643258409,0.001488687906334811,-0.00021660835788037485,0.00427500377318065,0.00045275709835870684,0.0,0.0,93426,1.1445937868603004
5e-07,3e-06,3e-05,0.0004691537145895889,0.0018438251240884664,-0.00013271809253124274,0.04149767827405488,0.0018821343054459074,0.0028792841393188193,0.0018624365808233255,93426,1.1461869127852744
1e-06,1e-05,0.0001,0.0004765616281395252,0.0016816773157610717,-0.00016924370983329064,0.01187158835681543,0.000716015893104218,0.0011452914606212403,7.492560957335217e-05,93426,1.1569437145591757
1e-07,3e-06,0.0001,0.000867019642954074,0.0018449274589988237,-0.0003061649130854723,0.025666094381697226,0.0038813347258022835,0.0018196219467814098,0.0011345878021107615,93426,1.1608710502936865
1e-06,1e-06,3e-05,0.0005715550176160304,0.0028461123166537627,-2.221491646722728e-05,0.12982497835217305,0.0018267171201873011,0.005801382912679554,0.004763128037163103,93426,1.1624500728067062
1e-06,3e-06,3e-05,0.00044134806817434447,0.001930001812324296,-0.0001210746100821997,0.03268841713756704,0.001434559806555052,0.0024190268233682272,0.0015092158499775223,93426,1.1630304933565243
5e-07,1e-05,0.0003,0.0007446473601492968,0.0018034126031124267,-0.00027388467334299747,0.0075717028355013595,0.0008896222565307221,1.0703658510478882e-05,0.0,93426,1.1727749093049966
5e-07,3e-06,0.0001,0.0005891634214778007,0.0019183465084344907,-0.0001943319560248914,0.020471614699030416,0.001310378482577317,0.0017553999957185366,0.0011024768265793248,93426,1.1733432129688572
1e-08,3e-06,0.0001,0.0014955640935427196,0.0021289029186874952,-0.0007187103889081623,0.038634863935077646,0.012800528928119902,0.0012416243872155502,0.0002461841457410143,93426,1.1751224242730207
1e-07,1e-05,0.0003,0.001136575245304063,0.0018474726940852038,-0.0004629856232042966,0.009304136943487933,0.00252135173912231,0.0,0.0,93426,1.1754431324650323
1e-06,1e-05,0.0003,0.0006288093673474032,0.0018457553196107803,-0.0002264800090387253,0.006926213604712378,0.0005534479959592389,2.1407317020957764e-05,0.0,93426,1.1776600220148763
1e-06,3e-06,0.0001,0.0005249814691738011,0.0019618103018438095,-0.0001661605509175639,0.017125337646924903,0.0009016616622520479,0.001541326825508959,0.0008348853638173528,93426,1.1806612413140278
1e-06,3e-05,0.001,0.0008659379852524017,0.0018333901538859331,-0.00032666199115977227,0.002537786837101646,0.0003906896296789116,0.0,0.0,93426,1.1808012285514917
5e-07,3e-05,0.001,0.001049216688833903,0.0018640303260309026,-0.00041243302959756466,0.0027985142758271096,0.0006268698441451392,0.0,0.0,93426,1.1836045183272632
1e-09,3e-05,0.0001,0.0014640082264667678,0.002120379083088017,-0.0012745589770829797,0.026823055234203037,0.006550329003589048,0.0,0.0,93426,1.1852148530745987
1e-08,3e-05,0.0003,0.0014733824912873388,0.0019554796516119185,-0.001131472347157171,0.009549883289100409,0.003893957241344337,0.0,0.0,93426,1.1859980818720914
1e-07,1e-06,0.0001,0.0009601267952490793,0.002240474871724089,-0.00029492081805291713,0.039682035544165946,0.004548850313981471,0.002365508530815833,0.001541326825508959,93426,1.18708953271916
5e-07,1e-06,0.0001,0.0006437769322148614,0.002156990953769549,-0.00017555164615057546,0.027589543259429614,0.001491103984826202,0.0018517329223128466,0.001284439021257466,93426,1.1903198575999392
1e-06,1e-06,0.0001,0.0005716061472799984,0.002135068638094756,-0.00014845675997119328,0.021862388572540005,0.0010439617579923012,0.0016376597521032688,0.0010168475584954938,93426,1.1934801526714827
1e-06,3e-06,0.0003,0.0006712032749207229,0.00205445992502511,-0.0002260998530824247,0.00884652510492466,0.0006321647794874335,0.0006743304861601695,0.0,93426,1.1969366326406665
5e-07,3e-06,0.0003,0.0007996245882299403,0.002073836052491943,-0.0002773420375841247,0.010360407886890867,0.001023227180678053,0.0008027743882859161,0.0,93426,1.1974245845564464
1e-06,1e-06,0.0003,0.0006971522851133559,0.0021430786492881923,-0.0002216290391377101,0.009797316250303926,0.0006813297593826573,0.000727848778712564,0.0,93426,1.2048744730678715
1e-09,1e-05,0.0001,0.0018415355722791803,0.002538921695124646,-0.0015491800473379459,0.04838172017781446,0.015498996454236004,0.0,0.0,93426,1.2055104493346502
1e-06,1e-07,0.0001,0.00062003815505912,0.002329618214272192,-0.00012174906395043858,0.028685970422971385,0.0011728428967627182,0.002536767066983495,0.0011559951191317192,93426,1.2067002296568712
1e-06,1e-05,0.001,0.0009283841733166863,0.0021073389411405455,-0.00033459797058762926,0.0034667368131114876,0.00045501139572053334,0.0,0.0,93426,1.207267157300943
5e-07,1e-06,0.0003,0.0008314283364215134,0.0021939782171172604,-0.00027433906168105465,0.011795563800784026,0.0010934157951870817,0.0009312182904116627,0.0,93426,1.2080678670561478
1e-06,1e-07,0.0003,0.0007156795881512004,0.0021972159389541607,-0.00021722683188338178,0.010433647565644289,0.0007151034639071704,0.0008027743882859161,0.0,93426,1.2096893335239147
5e-07,1e-07,0.0001,0.0007084468276564905,0.002458270849904483,-0.00013953945098880318,0.03924513223781037,0.0016773704137762197,0.0032325048701646224,0.001958769507417635,93426,1.210156974695138
1e-08,1e-06,0.0001,0.001882549092598527,0.002775821551797559,-0.0007232088188324653,0.06983877870607978,0.02237454183297946,0.0023012865797529597,0.0014128829233832124,93426,1.2103069026869357
1e-07,3e-05,0.001,0.0015215825564270386,0.002146690207188882,-0.0007629509238435207,0.003937503330056772,0.0013431569720415014,0.0,0.0,93426,1.2107315173888313
1e-07,3e-06,0.0003,0.0013119595804965706,0.002276295023692769,-0.0004768232280478282,0.014941478549147881,0.003547468515624981,0.0008241817053068739,0.0,93426,1.2131001146727824
5e-07,1e-07,0.0003,0.0008546951329369435,0.0022692912952832957,-0.00027009065004511687,0.012776521374686739,0.0011379540107230275,0.0010168475584954938,1.0703658510478882e-05,93426,1.2146717355914012
5e-07,1e-05,0.001,0.00115659254178512,0.0021992837589727985,-0.000424284806786275,0.004065877181781884,0.0007854723904519095,0.0,0.0,93426,1.215862498715498
1e-07,1e-07,0.0001,0.0010686804053326722,0.002776615862105351,-0.0002516987659039946,0.06430466817399282,0.005029366465522827,0.00431357437972299,0.0029542097488921715,93426,1.218467914975296
1e-06,3e-06,0.001,0.0009661189968870594,0.0022487640818799537,-0.0003358435350707689,0.004014511175983176,0.0004890506041422119,0.0,0.0,93426,1.2208618970120122
1e-08,1e-05,0.0003,0.0017988347873028696,0.0024245716282475308,-0.0011658851540993066,0.0167419724116272,0.006032202721254591,0.0,0.0,93426,1.2257151904131258
1e-06,1e-06,0.001,0.0009819649104020128,0.002300042420232513,-0.00033535801426264175,0.004227554034273608,0.0005027372188510513,0.0,0.0,93426,1.2257766879889775
1e-06,1e-07,0.001,0.0009907569608928453,0.002326176808133536,-0.00033483323090391256,0.004339575802548801,0.0005103378526633586,0.0,0.0,93426,1.2282781050108047
1e-09,3e-06,0.0001,0.0023628869788527625,0.0031628898122659727,-0.0018112333468076835,0.08653349317392982,0.033151747837621544,0.00016055487765718324,0.0,93426,1.229835765491496
1e-07,1e-06,0.0003,0.0014048736347664532,0.0025056060200408406,-0.00048402740697358693,0.018520432301106716,0.004047170793939473,0.0011345878021107615,0.0003211097553143665,93426,1.2329285733593471
5e-07,3e-06,0.001,0.0012198292707252178,0.0023889710167588635,-0.0004290615143306593,0.004897139111800799,0.0008705563318849971,0.0,0.0,93426,1.2339999625640856
5e-07,1e-06,0.001,0.001245216874808259,0.002460322414851765,-0.0004300257305821221,0.005234702363301079,0.0009053966997022963,0.0,0.0,93426,1.2407975391218755
5e-07,1e-07,0.001,0.0012589931811127374,0.002497394855514198,-0.00043027211214760364,0.005416143794171979,0.0009225483475464988,0.0,0.0,93426,1.244323341757248
1e-08,1e-07,0.0001,0.0023529449897539377,0.0036856741722243415,-0.0007241281946914033,0.12842768814454836,0.03546669667126678,0.0046667951105687925,0.003328837796758932,93426,1.2458019644299292
1e-07,1e-07,0.0003,0.0014675831333030255,0.0026592251340311446,-0.00048671562167873115,0.021161840980019074,0.004368563771754718,0.0012416243872155502,0.0004602573159505919,93426,1.2458417419326537
1e-09,1e-06,0.0001,0.003002566014219742,0.004029641828179494,-0.0019540664674636047,0.15043356807231095,0.052890588794540866,0.0023226938967739175,0.000727848778712564,93426,1.254419810472738
1e-09,1e-07,0.0001,0.004484210567148058,0.005895107364396512,-0.0020471298776956587,0.3392853421329974,0.13154891569556748,0.006357973155224456,0.0034786890159056367,93426,1.2568830699001716
1e-07,1e-05,0.001,0.0018673491293424937,0.002678259210619683,-0.000773504259066184,0.006523793349734831,0.002286759424215976,0.0,0.0,93426,1.2613021277122334
1e-08,3e-06,0.0003,0.0023582034792924947,0.003176069450008484,-0.001185416688679622,0.03102544546042663,0.011535828879340928,0.00026759146276197205,0.0,93426,1.2867152952718026
1e-09,3e-05,0.0003,0.002233853905182264,0.0032328877916918,-0.001963172407224563,0.026180810492847286,0.00646343281468823,0.0,0.0,93426,1.2971079686763327
1e-07,3e-06,0.001,0.00213927134601709,0.003091453189711819,-0.0007888123318591861,0.008977485573061952,0.0031752879208982766,0.0,0.0,93426,1.30016783339812
1e-08,3e-05,0.001,0.0024500103719018508,0.0032294587037409767,-0.001914066852759134,0.009031228956303304,0.0038281849124328533,0.0,0.0,93426,1.3139146414177945
1e-07,1e-06,0.001,0.002262093813611213,0.0032761321344451115,-0.0007980197976394564,0.01020914108794544,0.0035757475551615172,0.0,0.0,93426,1.3174040723565656
1e-07,1e-07,0.001,0.0023308442060719584,0.0033796969623922863,-0.0008036326187675319,0.010938799639489712,0.0037807191751908493,0.0,0.0,93426,1.3270308965997388
1e-08,1e-06,0.0003,0.0028864598396385658,0.0038360805914826952,-0.001206581207320782,0.04686140973719784,0.019046254195815474,0.0010275512170059727,0.0,93426,1.3372604250195745
1e-09,1e-05,0.0003,0.002929451461513166,0.0040360088333591,-0.00249217636606575,0.04662332826511169,0.015089355886839202,0.0,0.0,93426,1.3569775550707983
1e-08,1e-07,0.0003,0.0034006717817073096,0.004464359436493349,-0.001237375933319322,0.06495259580892329,0.028052202909251336,0.001370068289341297,0.0006850341446706485,93426,1.382853416129753
1e-08,1e-05,0.001,0.0030147657920246334,0.0039871267534841584,-0.002018941613032278,0.014761645779488913,0.005603076112507337,0.0,0.0,93426,1.383951029568927
1e-09,3e-06,0.0003,0.0037914788520531234,0.005052422264955873,-0.0029822586775632193,0.07915315936205247,0.03115012912430351,0.0,0.0,93426,1.426089067133535
1e-08,3e-06,0.001,0.00380623603101346,0.0049634954506123895,-0.0020626755280555038,0.02378287805852858,0.009252159856701019,0.0,0.0,93426,1.4725666670027104
1e-09,1e-06,0.0003,0.0046425861964109385,0.006119490164183668,-0.0032397469549124923,0.12053140343341416,0.045939125149238855,0.0008991073148802261,0.0,93426,1.4918671666423928
1e-09,3e-05,0.001,0.0037250163254696363,0.0053925500647111725,-0.0032981022451723527,0.02522050834621624,0.006282191007579193,0.0,0.0,93426,1.514034498124901
1e-08,1e-06,0.001,0.004405827786590519,0.0056503036588432904,-0.0020788805744574907,0.03131830891871209,0.013249905792520458,0.0,0.0,93426,1.533712056965617
1e-09,1e-07,0.0003,0.005913057317863658,0.0076447235330467786,-0.0033863804463198244,0.19297288763980747,0.07383650269336987,0.0022049536531586495,0.0006529231691392118,93426,1.573254865660589
1e-08,1e-07,0.001,0.004866196666429794,0.0061670204566118365,-0.002090495461234524,0.037650680216289804,0.016814872472580948,0.0,0.0,93426,1.5790513654448939
1e-09,1e-05,0.001,0.004938336225443276,0.006818495236923212,-0.004248882333442613,0.043292676769891694,0.013883068398744591,0.0,0.0,93426,1.6385568469224294
1e-09,3e-06,0.001,0.00621597713385974,0.008293323578479318,-0.005058360834376944,0.066679061484384,0.02591219369290805,0.0,0.0,93426,1.7626532963635477
1e-09,1e-06,0.001,0.007108586150653658,0.009366156416360011,-0.005443207470160887,0.08648561575995148,0.03463779040862823,0.0,0.0,93426,1.8501300258760496
1e-09,1e-07,0.001,0.007859745956493393,0.010284605742983758,-0.005655307499646844,0.10528318408752127,0.04152720686395826,3.2110975531436646e-05,0.0,93426,1.9231934456986204
5e-07,1e-07,3e-05,0.0012182974890880406,0.009518198780268933,0.0005320128581435908,2.3537350248430404,0.0030553095086197158,0.011142508509408516,0.010264808511549248,93426,2.321390965636187
1e-06,1e-06,1e-05,0.00100144819626102,0.009533172062726246,0.0004763524917776333,4.864442081661319,0.0030635157436969315,0.009515552415815726,0.00860574144242502,93426,4.831122805584276
1e-07,1e-07,3e-05,0.001972799968301234,0.017018185751131377,0.0010287784188507995,8.436097151846226,0.0069319045961440265,0.013037056065763278,0.011923875580673475,93426,9.156358130572919
1e-08,1e-07,3e-05,0.002944641305451481,0.020388721260163216,0.0009645528700057687,12.547958193754315,0.04076600351171335,0.014867381671055167,0.012780168261511784,93426,13.607044178867678
1e-09,1e-07,3e-05,0.004480409294488274,0.020997134579101698,0.00014550389087643383,13.38558693900204,0.19651036190303184,0.018720698734827564,0.013550831674266264,93426,14.50821157795389
5e-07,1e-06,1e-05,0.0014276548642663848,0.01623225355537132,0.0008781703191265974,16.14939061502919,0.0037916045751594687,0.01004003168282919,0.009322886562627105,93426,16.786958872970366
1e-07,1e-06,1e-05,0.0022292790151647508,0.029269741543518177,0.0015752837657804725,59.36634516881992,0.007236160397816388,0.010275512170059727,0.009718921927514824,93426,61.30817600118428
1e-08,1e-06,1e-05,0.00277117404577,0.03436222640691074,0.0017049196693118226,84.51882407370417,0.02760164502209398,0.010029328024318713,0.00938710851368998,93426,86.9694484869211
1e-09,1e-06,1e-05,0.003198739575232201,0.034952714553123244,0.0012939797893696408,87.74779447973903,0.06498334143505963,0.010329030462612122,0.008295335345621133,93426,90.25652578562827
1e-06,1e-07,1e-05,0.004696256404029204,0.05141584367329506,0.004143126922042029,158.63181679766944,0.004086606905830622,0.016622781666773702,0.015712970693383,93426,162.79742552652573
5e-07,1e-07,1e-05,0.010618489694382217,0.12309958204537622,0.010023740971057873,1044.1210050531938,0.00555681263286484,0.018795624344400918,0.01789651702952069,93426,1055.4582575869333
1e-07,1e-07,1e-05,0.025522927009047826,0.31807417749238964,0.02477831904153345,8272.80959790639,0.010748515668683623,0.020658060925224243,0.019298696294393423,93426,8303.646643382384
1e-08,1e-07,1e-05,0.032085013090600974,0.4138947497656462,0.030750418497655287,14943.917493875462,0.04604375444946172,0.02257401579859996,0.02000513775608503,93426,14984.338260997682
1e-09,1e-07,1e-05,0.03370506205327672,0.42571436351082304,0.030859063795314178,15938.337089328936,0.23288129472647012,0.028974803587866332,0.02239205360392182,93426,15979.945405135415
